"表章項目","男女別","人口","時間軸（年月日現在）","全国・都道府県","/年齢5歳階級","総数","注釈","0～4歳","注釈","5～9歳","注釈","10～14歳","注釈","15～19歳","注釈","20～24歳","注釈","25～29歳","注釈","30～34歳","注釈","35～39歳","注釈","40～44歳","注釈","45～49歳","注釈","50～54歳","注釈","55～59歳","注釈","60～64歳","注釈","65～69歳","注釈","70～74歳","注釈","75～79歳","注釈","80～84歳","注釈","85歳以上","注釈"
"人口【千人】","男女計","総人口","2019年10月1日現在","全国","","126167","","4758","","5101","","5351","","5820","","6388","","6240","","6752","","7551","","8718","","9802","","8567","","7711","","7523","","8709","","8686","","7241","","5328","","5921",""
"人口【千人】","男女計","総人口","2019年10月1日現在","北海道","","5250","","170","","191","","204","","225","","234","","229","","257","","296","","352","","387","","347","","340","","345","","425","","395","","318","","250","","286",""
"人口【千人】","男女計","総人口","2019年10月1日現在","青森県","","1246","","40","","44","","49","","56","","48","","47","","56","","67","","79","","86","","83","","86","","92","","106","","95","","77","","65","","72",""
"人口【千人】","男女計","総人口","2019年10月1日現在","岩手県","","1227","","40","","46","","51","","55","","47","","48","","56","","67","","79","","83","","78","","82","","89","","101","","87","","75","","65","","78",""
"人口【千人】","男女計","総人口","2019年10月1日現在","宮城県","","2306","","84","","91","","97","","107","","122","","119","","126","","141","","159","","167","","146","","144","","152","","174","","149","","121","","97","","113",""
"人口【千人】","男女計","総人口","2019年10月1日現在","秋田県","","966","","27","","32","","36","","39","","31","","31","","40","","49","","59","","62","","59","","67","","76","","89","","77","","64","","59","","71",""
"人口【千人】","男女計","総人口","2019年10月1日現在","山形県","","1078","","36","","41","","46","","50","","41","","41","","51","","60","","68","","70","","65","","71","","78","","91","","77","","63","","56","","74",""
"人口【千人】","男女計","総人口","2019年10月1日現在","福島県","","1846","","65","","69","","77","","87","","74","","76","","91","","102","","118","","125","","117","","125","","137","","155","","127","","106","","86","","109",""
"人口【千人】","男女計","総人口","2019年10月1日現在","茨城県","","2860","","103","","114","","125","","137","","134","","126","","146","","168","","195","","220","","189","","175","","186","","220","","206","","171","","117","","128",""
"人口【千人】","男女計","総人口","2019年10月1日現在","栃木県","","1934","","71","","78","","86","","92","","84","","86","","103","","118","","137","","149","","128","","120","","129","","150","","136","","106","","75","","87",""
"人口【千人】","男女計","総人口","2019年10月1日現在","群馬県","","1942","","69","","77","","86","","96","","93","","86","","96","","109","","132","","150","","130","","117","","121","","143","","142","","116","","81","","97",""
"人口【千人】","男女計","総人口","2019年10月1日現在","埼玉県","","7350","","275","","295","","311","","339","","407","","392","","402","","449","","527","","616","","527","","438","","411","","485","","505","","435","","284","","251",""
"人口【千人】","男女計","総人口","2019年10月1日現在","千葉県","","6259","","231","","246","","263","","286","","324","","314","","335","","380","","444","","518","","444","","375","","356","","425","","447","","379","","254","","238",""
"人口【千人】","男女計","総人口","2019年10月1日現在","東京都","","13921","","535","","518","","500","","550","","868","","951","","946","","1006","","1079","","1178","","1039","","845","","695","","739","","778","","673","","499","","519",""
"人口【千人】","男女計","総人口","2019年10月1日現在","神奈川県","","9198","","346","","369","","384","","419","","519","","507","","516","","580","","675","","790","","705","","571","","488","","552","","580","","503","","349","","345",""
"人口【千人】","男女計","総人口","2019年10月1日現在","新潟県","","2223","","75","","86","","93","","101","","92","","90","","107","","123","","147","","156","","143","","139","","151","","179","","163","","132","","109","","137",""
"人口【千人】","男女計","総人口","2019年10月1日現在","富山県","","1044","","36","","39","","44","","49","","46","","42","","49","","56","","71","","81","","67","","62","","64","","77","","84","","67","","48","","61",""
"人口【千人】","男女計","総人口","2019年10月1日現在","石川県","","1138","","43","","47","","50","","57","","58","","52","","57","","63","","78","","88","","73","","67","","69","","79","","86","","67","","46","","59",""
"人口【千人】","男女計","総人口","2019年10月1日現在","福井県","","768","","29","","32","","35","","38","","34","","32","","38","","42","","50","","55","","48","","48","","50","","57","","54","","45","","34","","45",""
"人口【千人】","男女計","総人口","2019年10月1日現在","山梨県","","811","","29","","31","","35","","40","","38","","34","","38","","43","","51","","59","","56","","53","","54","","61","","57","","49","","37","","46",""
"人口【千人】","男女計","総人口","2019年10月1日現在","長野県","","2049","","74","","83","","92","","99","","83","","79","","94","","110","","136","","153","","136","","127","","129","","148","","149","","128","","97","","132",""
"人口【千人】","男女計","総人口","2019年10月1日現在","岐阜県","","1987","","74","","84","","91","","100","","95","","84","","96","","109","","132","","151","","131","","122","","121","","143","","147","","121","","89","","99",""
"人口【千人】","男女計","総人口","2019年10月1日現在","静岡県","","3644","","134","","151","","162","","173","","157","","157","","186","","210","","245","","279","","247","","226","","228","","265","","263","","222","","160","","180",""
"人口【千人】","男女計","総人口","2019年10月1日現在","愛知県","","7552","","314","","334","","343","","370","","427","","420","","442","","478","","543","","621","","524","","446","","399","","450","","483","","407","","279","","273",""
"人口【千人】","男女計","総人口","2019年10月1日現在","三重県","","1781","","65","","73","","79","","86","","84","","79","","89","","100","","118","","137","","120","","112","","109","","125","","127","","108","","79","","91",""
"人口【千人】","男女計","総人口","2019年10月1日現在","滋賀県","","1414","","60","","66","","69","","74","","75","","71","","78","","87","","101","","110","","92","","83","","81","","92","","91","","73","","51","","60",""
"人口【千人】","男女計","総人口","2019年10月1日現在","京都府","","2583","","92","","100","","107","","120","","155","","141","","133","","146","","173","","200","","172","","151","","141","","170","","190","","159","","111","","124",""
"人口【千人】","男女計","総人口","2019年10月1日現在","大阪府","","8809","","330","","346","","366","","410","","491","","473","","480","","521","","609","","733","","631","","523","","462","","555","","616","","542","","373","","348",""
"人口【千人】","男女計","総人口","2019年10月1日現在","兵庫県","","5466","","209","","225","","239","","262","","271","","245","","271","","310","","370","","435","","378","","337","","322","","376","","397","","330","","235","","254",""
"人口【千人】","男女計","総人口","2019年10月1日現在","奈良県","","1330","","47","","53","","58","","66","","65","","56","","61","","69","","84","","101","","90","","82","","81","","98","","104","","89","","61","","65",""
"人口【千人】","男女計","総人口","2019年10月1日現在","和歌山県","","925","","32","","36","","39","","44","","38","","35","","42","","48","","57","","68","","61","","60","","61","","71","","72","","62","","46","","55",""
"人口【千人】","男女計","総人口","2019年10月1日現在","鳥取県","","556","","22","","23","","25","","26","","22","","22","","27","","32","","36","","38","","33","","34","","38","","44","","41","","31","","26","","36",""
"人口【千人】","男女計","総人口","2019年10月1日現在","島根県","","674","","26","","28","","29","","31","","26","","25","","31","","36","","42","","44","","38","","41","","45","","54","","52","","40","","35","","50",""
"人口【千人】","男女計","総人口","2019年10月1日現在","岡山県","","1890","","74","","79","","83","","92","","97","","90","","96","","106","","124","","139","","114","","107","","114","","130","","140","","112","","84","","106",""
"人口【千人】","男女計","総人口","2019年10月1日現在","広島県","","2804","","110","","122","","126","","133","","136","","130","","146","","162","","190","","217","","180","","163","","165","","194","","205","","164","","118","","141",""
"人口【千人】","男女計","総人口","2019年10月1日現在","山口県","","1358","","48","","53","","57","","62","","57","","54","","62","","71","","85","","96","","81","","79","","88","","109","","111","","91","","69","","86",""
"人口【千人】","男女計","総人口","2019年10月1日現在","徳島県","","728","","25","","27","","29","","32","","29","","28","","34","","40","","46","","51","","45","","45","","51","","60","","58","","44","","36","","47",""
"人口【千人】","男女計","総人口","2019年10月1日現在","香川県","","956","","36","","39","","41","","45","","42","","38","","46","","53","","64","","71","","59","","56","","61","","71","","76","","57","","44","","57",""
"人口【千人】","男女計","総人口","2019年10月1日現在","愛媛県","","1339","","48","","54","","57","","62","","53","","51","","63","","72","","87","","95","","83","","83","","90","","106","","105","","82","","65","","83",""
"人口【千人】","男女計","総人口","2019年10月1日現在","高知県","","698","","24","","26","","28","","31","","27","","25","","30","","36","","45","","49","","42","","43","","47","","56","","58","","46","","36","","50",""
"人口【千人】","男女計","総人口","2019年10月1日現在","福岡県","","5104","","216","","227","","228","","239","","275","","252","","275","","315","","352","","374","","319","","297","","310","","366","","346","","273","","204","","236",""
"人口【千人】","男女計","総人口","2019年10月1日現在","佐賀県","","815","","34","","37","","39","","41","","36","","34","","40","","47","","52","","53","","49","","51","","56","","64","","55","","44","","36","","47",""
"人口【千人】","男女計","総人口","2019年10月1日現在","長崎県","","1327","","52","","56","","59","","61","","51","","52","","61","","70","","80","","87","","82","","86","","95","","111","","97","","78","","65","","81",""
"人口【千人】","男女計","総人口","2019年10月1日現在","熊本県","","1748","","73","","79","","80","","82","","76","","74","","88","","99","","109","","111","","104","","108","","120","","135","","120","","96","","83","","108",""
"人口【千人】","男女計","総人口","2019年10月1日現在","大分県","","1135","","42","","47","","49","","53","","48","","45","","54","","63","","73","","76","","67","","67","","77","","90","","87","","69","","56","","71",""
"人口【千人】","男女計","総人口","2019年10月1日現在","宮崎県","","1073","","44","","49","","50","","50","","42","","40","","50","","59","","68","","69","","62","","67","","76","","88","","79","","61","","53","","66",""
"人口【千人】","男女計","総人口","2019年10月1日現在","鹿児島県","","1602","","66","","72","","74","","73","","62","","63","","76","","90","","98","","99","","94","","103","","120","","132","","110","","89","","78","","104",""
"人口【千人】","男女計","総人口","2019年10月1日現在","沖縄県","","1453","","81","","83","","82","","80","","74","","75","","86","","93","","100","","105","","91","","88","","92","","98","","66","","55","","49","","54",""
"人口【千人】","男女計","日本人人口","2019年10月1日現在","全国","","123731","","4679","","5031","","5294","","5707","","5960","","5862","","6475","","7329","","8540","","9640","","8429","","7606","","7451","","8654","","8645","","7212","","5310","","5908",""
"人口【千人】","男女計","日本人人口","2019年10月1日現在","北海道","","5211","","170","","191","","203","","223","","224","","221","","252","","292","","350","","385","","346","","339","","344","","424","","394","","317","","249","","286",""
"人口【千人】","男女計","日本人人口","2019年10月1日現在","青森県","","1240","","40","","44","","49","","55","","46","","46","","55","","66","","78","","86","","83","","86","","92","","106","","95","","77","","65","","72",""
"人口【千人】","男女計","日本人人口","2019年10月1日現在","岩手県","","1219","","40","","46","","51","","55","","45","","47","","56","","66","","78","","82","","78","","82","","89","","101","","87","","75","","65","","78",""
"人口【千人】","男女計","日本人人口","2019年10月1日現在","宮城県","","2283","","83","","91","","96","","106","","115","","114","","124","","139","","158","","166","","145","","143","","152","","173","","149","","120","","96","","113",""
"人口【千人】","男女計","日本人人口","2019年10月1日現在","秋田県","","963","","27","","31","","36","","39","","30","","30","","39","","49","","59","","62","","58","","66","","76","","89","","77","","64","","59","","71",""
"人口【千人】","男女計","日本人人口","2019年10月1日現在","山形県","","1070","","36","","41","","46","","50","","39","","40","","50","","59","","67","","69","","64","","70","","78","","90","","77","","63","","56","","74",""
"人口【千人】","男女計","日本人人口","2019年10月1日現在","福島県","","1831","","65","","69","","77","","86","","71","","73","","90","","101","","117","","124","","116","","124","","137","","154","","127","","105","","86","","108",""
"人口【千人】","男女計","日本人人口","2019年10月1日現在","茨城県","","2810","","101","","112","","123","","135","","125","","119","","141","","164","","191","","216","","185","","172","","184","","219","","206","","171","","117","","128",""
"人口【千人】","男女計","日本人人口","2019年10月1日現在","栃木県","","1906","","70","","77","","85","","90","","81","","82","","101","","116","","134","","147","","126","","118","","128","","149","","136","","106","","75","","86",""
"人口【千人】","男女計","日本人人口","2019年10月1日現在","群馬県","","1886","","66","","75","","84","","93","","82","","77","","90","","105","","128","","147","","127","","115","","120","","142","","142","","116","","81","","97",""
"人口【千人】","男女計","日本人人口","2019年10月1日現在","埼玉県","","7174","","268","","289","","307","","331","","375","","362","","380","","433","","514","","605","","517","","431","","406","","483","","504","","434","","284","","251",""
"人口【千人】","男女計","日本人人口","2019年10月1日現在","千葉県","","6141","","226","","242","","259","","282","","310","","297","","321","","367","","435","","509","","435","","369","","352","","422","","445","","378","","254","","238",""
"人口【千人】","男女計","日本人人口","2019年10月1日現在","東京都","","13405","","520","","503","","488","","526","","781","","866","","884","","954","","1040","","1144","","1010","","823","","682","","730","","772","","669","","497","","517",""
"人口【千人】","男女計","日本人人口","2019年10月1日現在","神奈川県","","8997","","338","","362","","378","","411","","492","","477","","491","","558","","659","","775","","693","","562","","482","","548","","577","","501","","348","","344",""
"人口【千人】","男女計","日本人人口","2019年10月1日現在","新潟県","","2206","","75","","86","","92","","100","","88","","87","","105","","122","","145","","154","","142","","138","","151","","179","","162","","132","","109","","137",""
"人口【千人】","男女計","日本人人口","2019年10月1日現在","富山県","","1026","","35","","39","","44","","48","","42","","39","","47","","55","","69","","80","","66","","62","","63","","77","","84","","67","","48","","61",""
"人口【千人】","男女計","日本人人口","2019年10月1日現在","石川県","","1123","","43","","46","","50","","56","","53","","49","","55","","62","","77","","87","","72","","67","","68","","79","","86","","67","","46","","59",""
"人口【千人】","男女計","日本人人口","2019年10月1日現在","福井県","","756","","29","","32","","35","","37","","32","","30","","36","","41","","49","","54","","48","","48","","50","","57","","54","","44","","34","","45",""
"人口【千人】","男女計","日本人人口","2019年10月1日現在","山梨県","","798","","28","","31","","34","","40","","36","","33","","37","","42","","50","","58","","55","","52","","53","","60","","57","","49","","37","","46",""
"人口【千人】","男女計","日本人人口","2019年10月1日現在","長野県","","2016","","74","","83","","91","","98","","77","","75","","91","","107","","133","","150","","133","","125","","128","","147","","149","","128","","96","","132",""
"人口【千人】","男女計","日本人人口","2019年10月1日現在","岐阜県","","1940","","72","","82","","89","","97","","87","","77","","90","","105","","128","","147","","128","","120","","120","","142","","146","","121","","88","","99",""
"人口【千人】","男女計","日本人人口","2019年10月1日現在","静岡県","","3557","","130","","148","","159","","168","","143","","144","","177","","202","","238","","273","","241","","222","","226","","263","","262","","222","","160","","179",""
"人口【千人】","男女計","日本人人口","2019年10月1日現在","愛知県","","7316","","304","","325","","335","","359","","391","","385","","415","","455","","524","","604","","511","","436","","392","","446","","479","","404","","277","","273",""
"人口【千人】","男女計","日本人人口","2019年10月1日現在","三重県","","1736","","64","","71","","78","","84","","76","","73","","84","","96","","115","","134","","117","","110","","108","","124","","126","","108","","79","","90",""
"人口【千人】","男女計","日本人人口","2019年10月1日現在","滋賀県","","1385","","59","","65","","68","","72","","70","","67","","75","","84","","99","","108","","90","","82","","80","","92","","91","","73","","51","","60",""
"人口【千人】","男女計","日本人人口","2019年10月1日現在","京都府","","2527","","91","","99","","106","","117","","143","","133","","128","","142","","170","","197","","169","","148","","139","","167","","188","","157","","109","","123",""
"人口【千人】","男女計","日本人人口","2019年10月1日現在","大阪府","","8623","","325","","342","","362","","402","","464","","448","","462","","506","","597","","721","","621","","514","","453","","546","","608","","536","","369","","346",""
"人口【千人】","男女計","日本人人口","2019年10月1日現在","兵庫県","","5369","","207","","223","","237","","258","","255","","233","","263","","303","","364","","429","","372","","332","","318","","371","","393","","326","","232","","253",""
"人口【千人】","男女計","日本人人口","2019年10月1日現在","奈良県","","1319","","47","","52","","58","","65","","63","","55","","60","","69","","84","","100","","89","","81","","81","","98","","103","","89","","60","","65",""
"人口【千人】","男女計","日本人人口","2019年10月1日現在","和歌山県","","918","","32","","36","","39","","43","","36","","34","","41","","47","","56","","67","","60","","59","","61","","71","","72","","62","","46","","55",""
"人口【千人】","男女計","日本人人口","2019年10月1日現在","鳥取県","","551","","22","","23","","25","","26","","21","","21","","26","","31","","36","","37","","33","","34","","38","","44","","40","","31","","26","","36",""
"人口【千人】","男女計","日本人人口","2019年10月1日現在","島根県","","665","","26","","28","","29","","31","","24","","24","","30","","35","","41","","43","","38","","40","","45","","54","","52","","40","","35","","50",""
"人口【千人】","男女計","日本人人口","2019年10月1日現在","岡山県","","1866","","74","","79","","83","","90","","91","","86","","94","","104","","122","","138","","113","","107","","113","","129","","139","","112","","84","","106",""
"人口【千人】","男女計","日本人人口","2019年10月1日現在","広島県","","2761","","109","","121","","125","","131","","129","","123","","140","","158","","187","","214","","178","","161","","164","","193","","204","","163","","117","","141",""
"人口【千人】","男女計","日本人人口","2019年10月1日現在","山口県","","1340","","47","","53","","57","","61","","53","","51","","60","","70","","84","","95","","81","","78","","87","","108","","111","","90","","69","","86",""
"人口【千人】","男女計","日本人人口","2019年10月1日現在","徳島県","","723","","25","","27","","29","","32","","29","","27","","33","","39","","46","","50","","45","","45","","51","","60","","58","","44","","36","","47",""
"人口【千人】","男女計","日本人人口","2019年10月1日現在","香川県","","945","","36","","39","","41","","45","","39","","36","","45","","52","","64","","71","","58","","55","","61","","71","","76","","57","","44","","57",""
"人口【千人】","男女計","日本人人口","2019年10月1日現在","愛媛県","","1328","","48","","54","","57","","61","","51","","49","","61","","71","","86","","95","","83","","83","","89","","106","","105","","82","","65","","83",""
"人口【千人】","男女計","日本人人口","2019年10月1日現在","高知県","","693","","24","","26","","28","","31","","26","","24","","30","","36","","44","","49","","41","","43","","47","","56","","58","","46","","36","","50",""
"人口【千人】","男女計","日本人人口","2019年10月1日現在","福岡県","","5039","","214","","225","","227","","236","","259","","241","","269","","310","","349","","371","","316","","295","","308","","365","","344","","272","","203","","236",""
"人口【千人】","男女計","日本人人口","2019年10月1日現在","佐賀県","","808","","34","","37","","39","","41","","34","","32","","40","","46","","51","","53","","48","","50","","56","","64","","55","","44","","36","","47",""
"人口【千人】","男女計","日本人人口","2019年10月1日現在","長崎県","","1318","","52","","56","","59","","61","","48","","50","","60","","70","","79","","87","","82","","86","","95","","111","","97","","78","","65","","81",""
"人口【千人】","男女計","日本人人口","2019年10月1日現在","熊本県","","1731","","73","","79","","80","","81","","71","","71","","86","","98","","108","","111","","104","","108","","120","","135","","120","","96","","83","","108",""
"人口【千人】","男女計","日本人人口","2019年10月1日現在","大分県","","1123","","42","","47","","49","","51","","44","","43","","53","","62","","73","","76","","67","","67","","76","","90","","87","","69","","56","","71",""
"人口【千人】","男女計","日本人人口","2019年10月1日現在","宮崎県","","1065","","44","","49","","50","","50","","39","","39","","49","","59","","67","","69","","62","","67","","76","","88","","78","","61","","53","","66",""
"人口【千人】","男女計","日本人人口","2019年10月1日現在","鹿児島県","","1589","","66","","72","","74","","72","","58","","60","","75","","89","","97","","98","","94","","103","","119","","132","","109","","89","","78","","104",""
"人口【千人】","男女計","日本人人口","2019年10月1日現在","沖縄県","","1434","","80","","83","","81","","79","","70","","72","","84","","92","","99","","104","","90","","88","","92","","97","","65","","55","","49","","54",""
"人口【千人】","男","総人口","2019年10月1日現在","全国","","61411","","2438","","2612","","2740","","2985","","3299","","3216","","3447","","3828","","4417","","4957","","4309","","3852","","3713","","4217","","4095","","3238","","2198","","1851",""
"人口【千人】","男","総人口","2019年10月1日現在","北海道","","2472","","87","","98","","104","","114","","120","","115","","128","","146","","174","","191","","167","","163","","165","","199","","177","","135","","99","","90",""
"人口【千人】","男","総人口","2019年10月1日現在","青森県","","585","","20","","23","","25","","28","","25","","25","","28","","34","","39","","43","","40","","42","","44","","50","","44","","32","","24","","20",""
"人口【千人】","男","総人口","2019年10月1日現在","岩手県","","592","","21","","23","","26","","28","","25","","25","","29","","34","","40","","43","","39","","42","","44","","50","","41","","32","","25","","23",""
"人口【千人】","男","総人口","2019年10月1日現在","宮城県","","1127","","43","","47","","50","","55","","63","","62","","65","","71","","80","","85","","74","","72","","76","","85","","72","","55","","39","","35",""
"人口【千人】","男","総人口","2019年10月1日現在","秋田県","","454","","14","","16","","19","","20","","17","","16","","20","","25","","30","","31","","29","","32","","37","","43","","36","","27","","22","","21",""
"人口【千人】","男","総人口","2019年10月1日現在","山形県","","520","","19","","21","","23","","26","","22","","21","","26","","31","","35","","35","","32","","35","","39","","45","","38","","28","","22","","22",""
"人口【千人】","男","総人口","2019年10月1日現在","福島県","","914","","33","","36","","39","","45","","41","","41","","48","","53","","62","","66","","60","","64","","70","","78","","63","","48","","35","","33",""
"人口【千人】","男","総人口","2019年10月1日現在","茨城県","","1427","","53","","58","","64","","71","","73","","68","","78","","88","","101","","114","","97","","88","","93","","108","","100","","81","","51","","41",""
"人口【千人】","男","総人口","2019年10月1日現在","栃木県","","964","","37","","40","","44","","47","","46","","46","","54","","62","","71","","78","","66","","61","","65","","74","","66","","49","","32","","27",""
"人口【千人】","男","総人口","2019年10月1日現在","群馬県","","962","","35","","39","","44","","50","","50","","46","","51","","57","","68","","77","","67","","59","","61","","70","","69","","53","","34","","31",""
"人口【千人】","男","総人口","2019年10月1日現在","埼玉県","","3668","","141","","151","","159","","174","","212","","206","","209","","232","","273","","320","","272","","225","","207","","236","","239","","201","","125","","84",""
"人口【千人】","男","総人口","2019年10月1日現在","千葉県","","3105","","118","","126","","135","","147","","167","","163","","172","","195","","228","","267","","229","","192","","178","","206","","212","","176","","112","","80",""
"人口【千人】","男","総人口","2019年10月1日現在","東京都","","6846","","273","","265","","256","","281","","435","","486","","481","","514","","550","","596","","534","","435","","352","","363","","365","","294","","201","","166",""
"人口【千人】","男","総人口","2019年10月1日現在","神奈川県","","4585","","177","","189","","196","","215","","271","","268","","269","","299","","348","","405","","367","","296","","247","","270","","274","","229","","151","","114",""
"人口【千人】","男","総人口","2019年10月1日現在","新潟県","","1078","","39","","44","","48","","52","","48","","47","","55","","63","","75","","80","","72","","70","","76","","88","","79","","59","","44","","41",""
"人口【千人】","男","総人口","2019年10月1日現在","富山県","","506","","19","","20","","23","","25","","25","","23","","26","","29","","36","","42","","34","","31","","31","","37","","40","","30","","19","","18",""
"人口【千人】","男","総人口","2019年10月1日現在","石川県","","553","","22","","24","","26","","30","","31","","27","","29","","32","","40","","45","","36","","33","","33","","38","","41","","30","","18","","17",""
"人口【千人】","男","総人口","2019年10月1日現在","福井県","","374","","15","","17","","18","","19","","18","","17","","19","","21","","25","","28","","24","","24","","25","","28","","26","","20","","14","","14",""
"人口【千人】","男","総人口","2019年10月1日現在","山梨県","","397","","15","","16","","18","","21","","20","","18","","20","","22","","26","","30","","28","","27","","27","","30","","28","","22","","15","","15",""
"人口【千人】","男","総人口","2019年10月1日現在","長野県","","1000","","38","","43","","47","","51","","44","","41","","49","","56","","69","","78","","69","","63","","64","","73","","72","","59","","41","","43",""
"人口【千人】","男","総人口","2019年10月1日現在","岐阜県","","964","","38","","43","","46","","51","","49","","43","","49","","56","","67","","76","","65","","60","","59","","69","","70","","55","","37","","32",""
"人口【千人】","男","総人口","2019年10月1日現在","静岡県","","1797","","69","","78","","83","","89","","83","","83","","98","","109","","126","","144","","126","","114","","114","","130","","126","","102","","67","","57",""
"人口【千人】","男","総人口","2019年10月1日現在","愛知県","","3780","","161","","171","","176","","191","","226","","224","","234","","251","","282","","321","","272","","228","","201","","219","","229","","187","","120","","89",""
"人口【千人】","男","総人口","2019年10月1日現在","三重県","","870","","34","","37","","40","","44","","44","","42","","46","","51","","61","","70","","60","","55","","53","","60","","60","","49","","33","","29",""
"人口【千人】","男","総人口","2019年10月1日現在","滋賀県","","699","","31","","34","","35","","38","","40","","38","","41","","44","","51","","56","","46","","41","","40","","45","","44","","34","","22","","19",""
"人口【千人】","男","総人口","2019年10月1日現在","京都府","","1234","","47","","51","","55","","61","","79","","72","","67","","71","","85","","99","","84","","73","","68","","80","","87","","70","","46","","39",""
"人口【千人】","男","総人口","2019年10月1日現在","大阪府","","4227","","169","","177","","188","","210","","245","","235","","237","","257","","300","","362","","312","","258","","225","","264","","285","","240","","155","","109",""
"人口【千人】","男","総人口","2019年10月1日現在","兵庫県","","2605","","108","","115","","122","","134","","135","","121","","135","","152","","181","","214","","184","","163","","155","","178","","185","","147","","96","","80",""
"人口【千人】","男","総人口","2019年10月1日現在","奈良県","","626","","24","","27","","29","","34","","32","","27","","30","","33","","41","","48","","42","","39","","38","","46","","48","","40","","26","","21",""
"人口【千人】","男","総人口","2019年10月1日現在","和歌山県","","435","","17","","18","","20","","22","","19","","17","","21","","23","","28","","33","","29","","28","","29","","34","","33","","27","","18","","17",""
"人口【千人】","男","総人口","2019年10月1日現在","鳥取県","","266","","11","","12","","13","","13","","12","","11","","14","","16","","18","","19","","16","","17","","19","","21","","19","","14","","10","","11",""
"人口【千人】","男","総人口","2019年10月1日現在","島根県","","326","","13","","14","","15","","16","","14","","13","","16","","18","","22","","22","","19","","20","","23","","27","","25","","18","","14","","15",""
"人口【千人】","男","総人口","2019年10月1日現在","岡山県","","909","","38","","41","","43","","47","","50","","46","","48","","53","","62","","70","","57","","53","","56","","63","","66","","50","","34","","33",""
"人口【千人】","男","総人口","2019年10月1日現在","広島県","","1362","","56","","62","","64","","69","","72","","69","","76","","83","","96","","109","","90","","81","","81","","94","","97","","73","","48","","43",""
"人口【千人】","男","総人口","2019年10月1日現在","山口県","","645","","25","","27","","29","","32","","30","","28","","32","","36","","43","","48","","39","","38","","42","","52","","51","","39","","27","","25",""
"人口【千人】","男","総人口","2019年10月1日現在","徳島県","","347","","13","","14","","15","","16","","15","","14","","17","","20","","23","","25","","22","","22","","25","","29","","28","","20","","15","","14",""
"人口【千人】","男","総人口","2019年10月1日現在","香川県","","464","","19","","20","","21","","23","","22","","20","","24","","27","","32","","36","","29","","28","","30","","35","","36","","26","","18","","18",""
"人口【千人】","男","総人口","2019年10月1日現在","愛媛県","","634","","24","","28","","29","","32","","28","","26","","32","","36","","43","","47","","40","","40","","43","","51","","49","","36","","26","","25",""
"人口【千人】","男","総人口","2019年10月1日現在","高知県","","329","","12","","13","","14","","16","","14","","13","","15","","18","","22","","24","","20","","21","","23","","27","","27","","20","","14","","15",""
"人口【千人】","男","総人口","2019年10月1日現在","福岡県","","2416","","110","","116","","116","","122","","139","","125","","134","","154","","173","","184","","153","","143","","149","","174","","159","","118","","78","","68",""
"人口【千人】","男","総人口","2019年10月1日現在","佐賀県","","386","","17","","19","","20","","21","","18","","17","","20","","23","","26","","26","","23","","24","","27","","31","","26","","19","","14","","14",""
"人口【千人】","男","総人口","2019年10月1日現在","長崎県","","624","","27","","29","","30","","31","","26","","26","","30","","34","","39","","43","","39","","41","","46","","54","","46","","33","","26","","23",""
"人口【千人】","男","総人口","2019年10月1日現在","熊本県","","825","","37","","41","","41","","42","","39","","37","","44","","49","","54","","55","","50","","52","","58","","65","","57","","41","","33","","33",""
"人口【千人】","男","総人口","2019年10月1日現在","大分県","","539","","22","","24","","25","","27","","25","","23","","28","","31","","37","","38","","32","","32","","37","","43","","40","","30","","22","","22",""
"人口【千人】","男","総人口","2019年10月1日現在","宮崎県","","505","","22","","25","","26","","26","","21","","20","","24","","29","","33","","34","","29","","32","","37","","42","","37","","27","","21","","20",""
"人口【千人】","男","総人口","2019年10月1日現在","鹿児島県","","753","","34","","37","","38","","37","","30","","30","","37","","43","","47","","48","","45","","49","","59","","65","","53","","39","","31","","30",""
"人口【千人】","男","総人口","2019年10月1日現在","沖縄県","","715","","41","","42","","42","","41","","38","","38","","43","","46","","50","","53","","45","","44","","46","","49","","32","","25","","21","","17",""
"人口【千人】","男","日本人人口","2019年10月1日現在","全国","","60208","","2397","","2575","","2711","","2927","","3063","","3000","","3300","","3724","","4341","","4892","","4255","","3809","","3682","","4192","","4076","","3225","","2191","","1847",""
"人口【千人】","男","日本人人口","2019年10月1日現在","北海道","","2455","","87","","97","","104","","114","","116","","112","","126","","145","","173","","190","","166","","163","","164","","198","","177","","134","","99","","90",""
"人口【千人】","男","日本人人口","2019年10月1日現在","青森県","","583","","20","","23","","25","","28","","25","","24","","28","","33","","39","","43","","40","","41","","44","","50","","44","","32","","24","","20",""
"人口【千人】","男","日本人人口","2019年10月1日現在","岩手県","","589","","20","","23","","26","","28","","24","","24","","29","","34","","40","","43","","39","","41","","44","","50","","41","","32","","25","","23",""
"人口【千人】","男","日本人人口","2019年10月1日現在","宮城県","","1116","","43","","46","","50","","54","","60","","59","","63","","70","","80","","85","","73","","72","","75","","85","","72","","54","","39","","35",""
"人口【千人】","男","日本人人口","2019年10月1日現在","秋田県","","453","","14","","16","","19","","20","","16","","16","","20","","25","","30","","31","","29","","32","","37","","43","","36","","27","","22","","21",""
"人口【千人】","男","日本人人口","2019年10月1日現在","山形県","","517","","19","","21","","23","","26","","21","","21","","26","","30","","35","","35","","32","","35","","39","","45","","38","","28","","22","","22",""
"人口【千人】","男","日本人人口","2019年10月1日現在","福島県","","908","","33","","36","","39","","44","","39","","39","","47","","53","","61","","66","","60","","64","","70","","78","","63","","48","","35","","33",""
"人口【千人】","男","日本人人口","2019年10月1日現在","茨城県","","1401","","52","","58","","63","","69","","67","","64","","75","","86","","100","","113","","96","","88","","92","","108","","99","","81","","51","","40",""
"人口【千人】","男","日本人人口","2019年10月1日現在","栃木県","","951","","36","","40","","44","","46","","43","","44","","53","","61","","71","","77","","65","","60","","64","","74","","66","","49","","32","","27",""
"人口【千人】","男","日本人人口","2019年10月1日現在","群馬県","","932","","34","","38","","43","","48","","43","","40","","47","","54","","66","","76","","65","","58","","60","","70","","68","","53","","34","","31",""
"人口【千人】","男","日本人人口","2019年10月1日現在","埼玉県","","3575","","137","","148","","157","","170","","192","","187","","196","","224","","268","","316","","269","","223","","205","","235","","238","","201","","125","","84",""
"人口【千人】","男","日本人人口","2019年10月1日現在","千葉県","","3051","","116","","124","","133","","146","","160","","154","","165","","189","","224","","264","","227","","190","","176","","205","","211","","176","","112","","80",""
"人口【千人】","男","日本人人口","2019年10月1日現在","東京都","","6589","","265","","256","","250","","268","","388","","440","","449","","488","","532","","580","","522","","426","","346","","359","","363","","292","","200","","165",""
"人口【千人】","男","日本人人口","2019年10月1日現在","神奈川県","","4483","","173","","186","","194","","211","","255","","251","","255","","289","","340","","399","","362","","292","","245","","268","","272","","228","","150","","114",""
"人口【千人】","男","日本人人口","2019年10月1日現在","新潟県","","1071","","39","","44","","48","","52","","46","","45","","54","","62","","75","","79","","72","","70","","76","","88","","78","","59","","44","","41",""
"人口【千人】","男","日本人人口","2019年10月1日現在","富山県","","498","","18","","20","","22","","25","","23","","21","","24","","29","","36","","41","","33","","31","","31","","37","","40","","30","","19","","18",""
"人口【千人】","男","日本人人口","2019年10月1日現在","石川県","","545","","22","","24","","25","","29","","29","","26","","28","","31","","39","","44","","36","","33","","33","","38","","40","","30","","18","","17",""
"人口【千人】","男","日本人人口","2019年10月1日現在","福井県","","368","","15","","16","","18","","19","","17","","16","","19","","21","","25","","28","","24","","24","","25","","28","","26","","20","","14","","14",""
"人口【千人】","男","日本人人口","2019年10月1日現在","山梨県","","391","","14","","16","","17","","21","","19","","17","","19","","21","","25","","30","","28","","27","","27","","30","","28","","22","","15","","15",""
"人口【千人】","男","日本人人口","2019年10月1日現在","長野県","","985","","38","","42","","47","","50","","41","","39","","47","","55","","68","","77","","68","","63","","64","","72","","72","","59","","41","","43",""
"人口【千人】","男","日本人人口","2019年10月1日現在","岐阜県","","941","","37","","42","","46","","50","","44","","39","","47","","54","","66","","75","","64","","59","","58","","68","","70","","55","","37","","32",""
"人口【千人】","男","日本人人口","2019年10月1日現在","静岡県","","1754","","67","","76","","82","","87","","76","","75","","93","","105","","124","","141","","124","","112","","113","","129","","125","","101","","67","","57",""
"人口【千人】","男","日本人人口","2019年10月1日現在","愛知県","","3661","","156","","167","","172","","186","","206","","204","","219","","240","","273","","314","","266","","223","","198","","217","","228","","186","","119","","89",""
"人口【千人】","男","日本人人口","2019年10月1日現在","三重県","","847","","33","","37","","39","","43","","40","","38","","44","","49","","59","","69","","59","","55","","53","","60","","60","","49","","33","","29",""
"人口【千人】","男","日本人人口","2019年10月1日現在","滋賀県","","683","","30","","33","","35","","37","","37","","35","","39","","43","","50","","55","","45","","41","","40","","45","","44","","34","","22","","19",""
"人口【千人】","男","日本人人口","2019年10月1日現在","京都府","","1206","","47","","51","","54","","60","","73","","67","","64","","69","","84","","97","","83","","72","","67","","78","","86","","70","","46","","39",""
"人口【千人】","男","日本人人口","2019年10月1日現在","大阪府","","4136","","166","","174","","186","","205","","231","","221","","228","","250","","294","","357","","308","","254","","221","","260","","281","","237","","153","","109",""
"人口【千人】","男","日本人人口","2019年10月1日現在","兵庫県","","2557","","106","","114","","121","","132","","126","","114","","131","","149","","179","","211","","181","","160","","153","","176","","183","","146","","96","","80",""
"人口【千人】","男","日本人人口","2019年10月1日現在","奈良県","","621","","24","","27","","29","","33","","31","","26","","29","","33","","41","","48","","42","","38","","38","","46","","47","","40","","26","","21",""
"人口【千人】","男","日本人人口","2019年10月1日現在","和歌山県","","432","","17","","18","","20","","22","","19","","17","","21","","23","","28","","33","","29","","28","","29","","33","","33","","27","","18","","17",""
"人口【千人】","男","日本人人口","2019年10月1日現在","鳥取県","","264","","11","","12","","13","","13","","12","","11","","13","","16","","18","","19","","16","","17","","19","","21","","19","","14","","10","","11",""
"人口【千人】","男","日本人人口","2019年10月1日現在","島根県","","321","","13","","14","","15","","16","","13","","12","","15","","18","","21","","22","","19","","20","","23","","27","","25","","18","","14","","15",""
"人口【千人】","男","日本人人口","2019年10月1日現在","岡山県","","897","","38","","41","","43","","46","","46","","43","","47","","52","","62","","70","","56","","52","","55","","62","","66","","50","","34","","33",""
"人口【千人】","男","日本人人口","2019年10月1日現在","広島県","","1339","","56","","62","","64","","68","","67","","64","","72","","80","","95","","108","","89","","80","","81","","93","","96","","73","","48","","43",""
"人口【千人】","男","日本人人口","2019年10月1日現在","山口県","","637","","24","","27","","29","","32","","28","","27","","31","","35","","42","","48","","39","","38","","42","","52","","51","","39","","27","","25",""
"人口【千人】","男","日本人人口","2019年10月1日現在","徳島県","","346","","13","","14","","15","","16","","15","","14","","17","","20","","23","","25","","22","","22","","25","","29","","28","","20","","15","","14",""
"人口【千人】","男","日本人人口","2019年10月1日現在","香川県","","458","","18","","20","","21","","23","","21","","18","","23","","26","","32","","36","","29","","27","","30","","35","","36","","26","","18","","18",""
"人口【千人】","男","日本人人口","2019年10月1日現在","愛媛県","","628","","24","","28","","29","","31","","27","","25","","30","","36","","43","","47","","40","","40","","43","","51","","49","","36","","26","","25",""
"人口【千人】","男","日本人人口","2019年10月1日現在","高知県","","327","","12","","13","","14","","16","","14","","12","","15","","18","","22","","24","","20","","21","","23","","27","","27","","20","","14","","15",""
"人口【千人】","男","日本人人口","2019年10月1日現在","福岡県","","2381","","109","","116","","116","","120","","129","","118","","131","","152","","171","","182","","152","","142","","148","","173","","158","","117","","78","","68",""
"人口【千人】","男","日本人人口","2019年10月1日現在","佐賀県","","383","","17","","19","","20","","21","","17","","16","","20","","23","","26","","26","","23","","24","","27","","31","","26","","19","","14","","14",""
"人口【千人】","男","日本人人口","2019年10月1日現在","長崎県","","620","","27","","29","","30","","31","","25","","25","","30","","34","","39","","42","","39","","41","","46","","54","","46","","33","","26","","23",""
"人口【千人】","男","日本人人口","2019年10月1日現在","熊本県","","819","","37","","41","","41","","41","","36","","35","","43","","48","","54","","55","","49","","52","","58","","65","","57","","41","","33","","33",""
"人口【千人】","男","日本人人口","2019年10月1日現在","大分県","","533","","22","","24","","25","","26","","23","","22","","27","","31","","37","","38","","32","","32","","37","","43","","40","","30","","22","","22",""
"人口【千人】","男","日本人人口","2019年10月1日現在","宮崎県","","502","","22","","25","","26","","25","","20","","19","","24","","29","","33","","34","","29","","32","","37","","42","","37","","27","","21","","20",""
"人口【千人】","男","日本人人口","2019年10月1日現在","鹿児島県","","749","","34","","37","","38","","37","","29","","29","","36","","43","","47","","48","","45","","49","","58","","65","","53","","39","","31","","30",""
"人口【千人】","男","日本人人口","2019年10月1日現在","沖縄県","","704","","41","","42","","42","","41","","36","","36","","42","","45","","50","","52","","45","","44","","46","","49","","32","","25","","21","","17",""
"人口【千人】","女","総人口","2019年10月1日現在","全国","","64756","","2320","","2489","","2610","","2835","","3089","","3025","","3305","","3723","","4301","","4846","","4258","","3859","","3810","","4492","","4591","","4003","","3130","","4070",""
"人口【千人】","女","総人口","2019年10月1日現在","北海道","","2778","","83","","94","","99","","110","","114","","114","","128","","150","","178","","196","","181","","177","","180","","226","","217","","183","","151","","196",""
"人口【千人】","女","総人口","2019年10月1日現在","青森県","","661","","20","","22","","24","","27","","22","","22","","28","","33","","39","","44","","43","","44","","49","","56","","51","","45","","41","","52",""
"人口【千人】","女","総人口","2019年10月1日現在","岩手県","","635","","20","","22","","25","","27","","22","","23","","27","","33","","38","","40","","39","","41","","45","","51","","46","","43","","40","","54",""
"人口【千人】","女","総人口","2019年10月1日現在","宮城県","","1179","","41","","45","","47","","52","","58","","57","","62","","70","","78","","82","","72","","72","","77","","89","","77","","66","","58","","77",""
"人口【千人】","女","総人口","2019年10月1日現在","秋田県","","512","","13","","15","","18","","19","","14","","15","","20","","24","","29","","31","","30","","34","","39","","46","","41","","37","","36","","50",""
"人口【千人】","女","総人口","2019年10月1日現在","山形県","","558","","18","","20","","22","","24","","19","","20","","25","","29","","33","","34","","33","","36","","40","","46","","39","","35","","34","","52",""
"人口【千人】","女","総人口","2019年10月1日現在","福島県","","931","","32","","33","","37","","42","","33","","35","","43","","49","","56","","60","","57","","61","","67","","77","","64","","57","","51","","75",""
"人口【千人】","女","総人口","2019年10月1日現在","茨城県","","1433","","50","","55","","60","","67","","61","","58","","69","","80","","93","","105","","92","","87","","93","","112","","107","","90","","66","","88",""
"人口【千人】","女","総人口","2019年10月1日現在","栃木県","","970","","34","","38","","42","","45","","39","","40","","49","","56","","65","","71","","62","","58","","64","","76","","70","","57","","44","","60",""
"人口【千人】","女","総人口","2019年10月1日現在","群馬県","","981","","33","","38","","42","","47","","43","","40","","45","","52","","64","","73","","64","","58","","60","","73","","73","","63","","47","","66",""
"人口【千人】","女","総人口","2019年10月1日現在","埼玉県","","3682","","134","","143","","152","","165","","195","","186","","193","","217","","254","","296","","254","","213","","204","","249","","266","","234","","159","","167",""
"人口【千人】","女","総人口","2019年10月1日現在","千葉県","","3155","","113","","120","","128","","139","","157","","151","","163","","185","","216","","251","","215","","183","","178","","219","","235","","203","","142","","158",""
"人口【千人】","女","総人口","2019年10月1日現在","東京都","","7075","","262","","254","","244","","270","","433","","466","","465","","492","","529","","582","","505","","410","","343","","376","","413","","379","","298","","353",""
"人口【千人】","女","総人口","2019年10月1日現在","神奈川県","","4613","","169","","180","","187","","204","","248","","239","","248","","281","","328","","385","","338","","275","","241","","282","","306","","275","","198","","230",""
"人口【千人】","女","総人口","2019年10月1日現在","新潟県","","1145","","37","","42","","45","","49","","43","","44","","52","","60","","72","","76","","71","","69","","76","","91","","84","","73","","65","","97",""
"人口【千人】","女","総人口","2019年10月1日現在","富山県","","537","","17","","19","","21","","24","","21","","19","","23","","27","","34","","40","","33","","31","","33","","40","","44","","37","","29","","43",""
"人口【千人】","女","総人口","2019年10月1日現在","石川県","","585","","21","","23","","25","","27","","26","","25","","27","","31","","38","","44","","37","","34","","35","","41","","45","","37","","28","","42",""
"人口【千人】","女","総人口","2019年10月1日現在","福井県","","394","","14","","16","","17","","19","","16","","15","","18","","21","","24","","27","","24","","24","","25","","29","","28","","25","","20","","31",""
"人口【千人】","女","総人口","2019年10月1日現在","山梨県","","414","","14","","15","","17","","19","","18","","16","","18","","21","","25","","29","","28","","26","","27","","31","","30","","27","","21","","32",""
"人口【千人】","女","総人口","2019年10月1日現在","長野県","","1049","","36","","41","","45","","48","","39","","38","","46","","54","","67","","74","","67","","63","","65","","75","","78","","69","","56","","89",""
"人口【千人】","女","総人口","2019年10月1日現在","岐阜県","","1022","","36","","41","","45","","49","","46","","41","","46","","54","","65","","75","","66","","62","","63","","74","","76","","66","","51","","67",""
"人口【千人】","女","総人口","2019年10月1日現在","静岡県","","1847","","65","","74","","79","","83","","74","","74","","88","","102","","118","","136","","121","","111","","114","","135","","137","","121","","93","","122",""
"人口【千人】","女","総人口","2019年10月1日現在","愛知県","","3773","","153","","162","","168","","178","","201","","196","","209","","228","","261","","299","","253","","218","","198","","232","","254","","220","","159","","184",""
"人口【千人】","女","総人口","2019年10月1日現在","三重県","","911","","32","","36","","39","","42","","40","","37","","43","","48","","58","","67","","59","","56","","56","","65","","67","","59","","46","","62",""
"人口【千人】","女","総人口","2019年10月1日現在","滋賀県","","715","","29","","32","","33","","36","","35","","33","","37","","42","","50","","54","","46","","42","","41","","47","","48","","39","","29","","41",""
"人口【千人】","女","総人口","2019年10月1日現在","京都府","","1349","","45","","49","","52","","59","","76","","69","","67","","74","","88","","101","","87","","77","","73","","90","","103","","88","","65","","85",""
"人口【千人】","女","総人口","2019年10月1日現在","大阪府","","4582","","161","","170","","178","","201","","246","","238","","242","","264","","309","","371","","318","","265","","237","","291","","331","","303","","218","","239",""
"人口【千人】","女","総人口","2019年10月1日現在","兵庫県","","2861","","102","","110","","117","","128","","136","","124","","136","","158","","189","","222","","194","","174","","168","","197","","212","","183","","138","","174",""
"人口【千人】","女","総人口","2019年10月1日現在","奈良県","","704","","23","","26","","29","","32","","33","","29","","31","","36","","43","","52","","47","","43","","43","","52","","56","","49","","34","","44",""
"人口【千人】","女","総人口","2019年10月1日現在","和歌山県","","490","","16","","18","","19","","21","","18","","17","","21","","24","","29","","34","","32","","31","","32","","37","","39","","35","","28","","38",""
"人口【千人】","女","総人口","2019年10月1日現在","鳥取県","","290","","10","","12","","12","","13","","10","","11","","13","","16","","18","","19","","17","","18","","20","","22","","21","","18","","16","","26",""
"人口【千人】","女","総人口","2019年10月1日現在","島根県","","349","","12","","14","","14","","15","","12","","12","","15","","17","","20","","22","","19","","20","","23","","27","","27","","23","","21","","35",""
"人口【千人】","女","総人口","2019年10月1日現在","岡山県","","980","","36","","39","","40","","44","","48","","44","","48","","53","","61","","69","","58","","55","","58","","67","","74","","62","","50","","74",""
"人口【千人】","女","総人口","2019年10月1日現在","広島県","","1442","","54","","60","","61","","64","","65","","62","","70","","80","","94","","107","","91","","82","","84","","101","","108","","91","","70","","99",""
"人口【千人】","女","総人口","2019年10月1日現在","山口県","","713","","23","","26","","28","","30","","27","","25","","30","","35","","42","","48","","42","","41","","45","","56","","60","","52","","42","","60",""
"人口【千人】","女","総人口","2019年10月1日現在","徳島県","","381","","12","","13","","14","","16","","14","","14","","17","","20","","23","","26","","23","","23","","26","","31","","30","","24","","21","","33",""
"人口【千人】","女","総人口","2019年10月1日現在","香川県","","492","","18","","19","","20","","22","","19","","18","","23","","26","","32","","35","","29","","28","","31","","37","","39","","31","","26","","39",""
"人口【千人】","女","総人口","2019年10月1日現在","愛媛県","","705","","23","","26","","28","","30","","25","","25","","31","","36","","43","","48","","43","","43","","47","","56","","56","","47","","40","","58",""
"人口【千人】","女","総人口","2019年10月1日現在","高知県","","369","","12","","13","","14","","15","","12","","12","","15","","18","","22","","25","","21","","22","","24","","29","","31","","26","","22","","36",""
"人口【千人】","女","総人口","2019年10月1日現在","福岡県","","2688","","105","","111","","111","","117","","137","","127","","140","","161","","180","","190","","165","","154","","161","","193","","187","","156","","125","","168",""
"人口【千人】","女","総人口","2019年10月1日現在","佐賀県","","429","","16","","18","","19","","20","","18","","17","","21","","24","","26","","27","","25","","26","","29","","33","","29","","25","","22","","34",""
"人口【千人】","女","総人口","2019年10月1日現在","長崎県","","702","","25","","27","","29","","30","","25","","26","","31","","36","","40","","45","","43","","45","","49","","57","","52","","45","","40","","58",""
"人口【千人】","女","総人口","2019年10月1日現在","熊本県","","922","","36","","38","","39","","40","","37","","38","","45","","50","","55","","57","","55","","56","","62","","70","","63","","55","","50","","75",""
"人口【千人】","女","総人口","2019年10月1日現在","大分県","","597","","21","","23","","24","","26","","23","","22","","27","","31","","36","","39","","34","","35","","40","","47","","46","","39","","34","","50",""
"人口【千人】","女","総人口","2019年10月1日現在","宮崎県","","568","","21","","24","","25","","25","","20","","20","","26","","30","","35","","35","","32","","35","","40","","45","","42","","35","","32","","46",""
"人口【千人】","女","総人口","2019年10月1日現在","鹿児島県","","849","","32","","35","","36","","36","","32","","33","","40","","46","","50","","51","","49","","53","","61","","66","","57","","50","","47","","73",""
"人口【千人】","女","総人口","2019年10月1日現在","沖縄県","","738","","39","","41","","40","","39","","36","","37","","44","","47","","50","","52","","45","","44","","46","","49","","34","","30","","28","","37",""
"人口【千人】","女","日本人人口","2019年10月1日現在","全国","","63523","","2282","","2456","","2583","","2779","","2897","","2862","","3175","","3605","","4199","","4749","","4175","","3797","","3768","","4462","","4569","","3986","","3119","","4061",""
"人口【千人】","女","日本人人口","2019年10月1日現在","北海道","","2756","","83","","93","","99","","109","","108","","110","","126","","148","","176","","195","","180","","177","","180","","226","","217","","183","","151","","196",""
"人口【千人】","女","日本人人口","2019年10月1日現在","青森県","","657","","20","","22","","24","","27","","21","","22","","27","","33","","39","","43","","42","","44","","49","","56","","51","","45","","41","","52",""
"人口【千人】","女","日本人人口","2019年10月1日現在","岩手県","","631","","20","","22","","25","","27","","21","","22","","27","","32","","38","","40","","38","","40","","44","","51","","46","","43","","40","","54",""
"人口【千人】","女","日本人人口","2019年10月1日現在","宮城県","","1167","","40","","45","","47","","52","","55","","55","","61","","69","","78","","81","","71","","71","","76","","88","","77","","66","","58","","77",""
"人口【千人】","女","日本人人口","2019年10月1日現在","秋田県","","509","","13","","15","","18","","19","","13","","14","","19","","24","","29","","31","","30","","34","","39","","46","","41","","37","","36","","50",""
"人口【千人】","女","日本人人口","2019年10月1日現在","山形県","","552","","17","","20","","22","","24","","18","","19","","24","","29","","33","","34","","32","","35","","39","","46","","39","","35","","34","","52",""
"人口【千人】","女","日本人人口","2019年10月1日現在","福島県","","923","","32","","33","","37","","42","","32","","34","","42","","48","","55","","59","","56","","60","","67","","76","","64","","57","","51","","75",""
"人口【千人】","女","日本人人口","2019年10月1日現在","茨城県","","1408","","49","","55","","60","","66","","58","","55","","66","","78","","91","","103","","89","","85","","92","","112","","106","","90","","66","","88",""
"人口【千人】","女","日本人人口","2019年10月1日現在","栃木県","","955","","34","","38","","41","","44","","38","","38","","48","","55","","64","","70","","61","","57","","63","","75","","70","","57","","44","","60",""
"人口【千人】","女","日本人人口","2019年10月1日現在","群馬県","","955","","32","","37","","41","","45","","39","","36","","43","","50","","62","","71","","62","","56","","60","","73","","73","","63","","47","","66",""
"人口【千人】","女","日本人人口","2019年10月1日現在","埼玉県","","3599","","131","","141","","150","","161","","184","","175","","184","","209","","246","","289","","248","","209","","201","","248","","265","","233","","158","","167",""
"人口【千人】","女","日本人人口","2019年10月1日現在","千葉県","","3090","","110","","118","","127","","137","","150","","143","","156","","178","","210","","245","","209","","179","","175","","217","","234","","202","","141","","158",""
"人口【千人】","女","日本人人口","2019年10月1日現在","東京都","","6817","","254","","246","","238","","258","","393","","426","","435","","466","","508","","563","","489","","397","","335","","371","","409","","377","","296","","352",""
"人口【千人】","女","日本人人口","2019年10月1日現在","神奈川県","","4514","","165","","177","","185","","201","","237","","226","","236","","270","","319","","377","","330","","270","","237","","280","","305","","274","","198","","230",""
"人口【千人】","女","日本人人口","2019年10月1日現在","新潟県","","1135","","36","","42","","45","","49","","42","","42","","51","","59","","71","","75","","70","","69","","75","","91","","84","","73","","65","","97",""
"人口【千人】","女","日本人人口","2019年10月1日現在","富山県","","528","","17","","19","","21","","23","","20","","18","","22","","26","","33","","39","","33","","31","","33","","40","","44","","37","","29","","43",""
"人口【千人】","女","日本人人口","2019年10月1日現在","石川県","","579","","21","","23","","25","","27","","25","","24","","26","","31","","38","","43","","36","","34","","35","","41","","45","","37","","28","","42",""
"人口【千人】","女","日本人人口","2019年10月1日現在","福井県","","388","","14","","16","","17","","18","","15","","14","","18","","20","","24","","27","","24","","24","","25","","29","","28","","24","","20","","31",""
"人口【千人】","女","日本人人口","2019年10月1日現在","山梨県","","407","","14","","15","","17","","19","","17","","16","","18","","20","","24","","28","","27","","26","","27","","31","","30","","26","","21","","32",""
"人口【千人】","女","日本人人口","2019年10月1日現在","長野県","","1030","","36","","40","","44","","48","","36","","36","","44","","52","","65","","72","","65","","62","","64","","75","","77","","69","","56","","89",""
"人口【千人】","女","日本人人口","2019年10月1日現在","岐阜県","","998","","35","","40","","44","","47","","43","","38","","44","","51","","62","","73","","64","","61","","62","","74","","76","","66","","51","","67",""
"人口【千人】","女","日本人人口","2019年10月1日現在","静岡県","","1803","","63","","72","","78","","81","","68","","69","","84","","97","","114","","132","","117","","109","","113","","134","","137","","121","","93","","122",""
"人口【千人】","女","日本人人口","2019年10月1日現在","愛知県","","3655","","148","","158","","164","","173","","185","","182","","196","","215","","251","","290","","245","","213","","195","","229","","252","","219","","158","","184",""
"人口【千人】","女","日本人人口","2019年10月1日現在","三重県","","890","","31","","35","","38","","41","","36","","35","","40","","46","","56","","65","","58","","55","","55","","65","","67","","59","","46","","61",""
"人口【千人】","女","日本人人口","2019年10月1日現在","滋賀県","","702","","29","","32","","33","","35","","33","","32","","36","","41","","49","","53","","45","","42","","41","","47","","47","","39","","29","","41",""
"人口【千人】","女","日本人人口","2019年10月1日現在","京都府","","1320","","45","","48","","52","","57","","71","","66","","64","","72","","86","","100","","86","","76","","72","","89","","101","","87","","64","","84",""
"人口【千人】","女","日本人人口","2019年10月1日現在","大阪府","","4486","","158","","168","","177","","197","","234","","227","","234","","256","","303","","365","","313","","259","","232","","286","","327","","299","","216","","237",""
"人口【千人】","女","日本人人口","2019年10月1日現在","兵庫県","","2812","","101","","109","","116","","126","","129","","119","","132","","154","","186","","218","","191","","172","","165","","195","","210","","181","","137","","173",""
"人口【千人】","女","日本人人口","2019年10月1日現在","奈良県","","698","","23","","26","","28","","32","","32","","28","","31","","36","","43","","52","","47","","43","","43","","52","","56","","49","","34","","44",""
"人口【千人】","女","日本人人口","2019年10月1日現在","和歌山県","","486","","16","","18","","19","","21","","18","","17","","21","","24","","28","","34","","32","","31","","31","","37","","39","","35","","28","","38",""
"人口【千人】","女","日本人人口","2019年10月1日現在","鳥取県","","287","","10","","11","","12","","13","","10","","10","","13","","15","","17","","18","","16","","18","","20","","22","","21","","18","","16","","26",""
"人口【千人】","女","日本人人口","2019年10月1日現在","島根県","","344","","12","","13","","14","","15","","11","","11","","15","","17","","20","","21","","19","","20","","22","","27","","27","","23","","21","","35",""
"人口【千人】","女","日本人人口","2019年10月1日現在","岡山県","","968","","36","","38","","40","","44","","45","","42","","47","","52","","61","","68","","57","","54","","58","","67","","74","","62","","50","","74",""
"人口【千人】","女","日本人人口","2019年10月1日現在","広島県","","1422","","53","","59","","61","","64","","61","","60","","68","","78","","92","","106","","89","","81","","84","","100","","108","","91","","69","","99",""
"人口【千人】","女","日本人人口","2019年10月1日現在","山口県","","704","","23","","26","","28","","30","","25","","24","","29","","35","","42","","47","","42","","40","","45","","56","","60","","51","","42","","60",""
"人口【千人】","女","日本人人口","2019年10月1日現在","徳島県","","378","","12","","13","","14","","16","","14","","13","","16","","19","","23","","26","","23","","23","","26","","31","","30","","24","","21","","33",""
"人口【千人】","女","日本人人口","2019年10月1日現在","香川県","","487","","17","","19","","20","","22","","18","","17","","22","","26","","32","","35","","29","","28","","31","","37","","39","","31","","26","","39",""
"人口【千人】","女","日本人人口","2019年10月1日現在","愛媛県","","700","","23","","26","","28","","30","","24","","24","","31","","36","","43","","48","","43","","43","","47","","56","","56","","47","","40","","58",""
"人口【千人】","女","日本人人口","2019年10月1日現在","高知県","","367","","12","","13","","14","","15","","12","","12","","15","","18","","22","","25","","21","","22","","24","","29","","31","","26","","22","","35",""
"人口【千人】","女","日本人人口","2019年10月1日現在","福岡県","","2658","","104","","110","","111","","116","","130","","123","","138","","158","","178","","188","","164","","153","","160","","192","","186","","155","","125","","168",""
"人口【千人】","女","日本人人口","2019年10月1日現在","佐賀県","","425","","16","","18","","19","","20","","17","","16","","20","","23","","26","","27","","25","","26","","29","","33","","29","","25","","22","","34",""
"人口【千人】","女","日本人人口","2019年10月1日現在","長崎県","","698","","25","","27","","29","","30","","24","","25","","30","","35","","40","","44","","43","","45","","49","","57","","52","","45","","40","","58",""
"人口【千人】","女","日本人人口","2019年10月1日現在","熊本県","","913","","36","","38","","39","","40","","34","","36","","44","","49","","55","","56","","54","","56","","62","","70","","63","","55","","50","","75",""
"人口【千人】","女","日本人人口","2019年10月1日現在","大分県","","590","","21","","23","","24","","25","","21","","21","","26","","31","","36","","38","","34","","35","","40","","47","","46","","39","","34","","50",""
"人口【千人】","女","日本人人口","2019年10月1日現在","宮崎県","","563","","21","","24","","24","","24","","19","","19","","25","","30","","34","","35","","32","","35","","40","","45","","42","","35","","32","","46",""
"人口【千人】","女","日本人人口","2019年10月1日現在","鹿児島県","","840","","32","","35","","36","","36","","29","","31","","39","","46","","50","","50","","49","","53","","61","","66","","57","","50","","47","","73",""
"人口【千人】","女","日本人人口","2019年10月1日現在","沖縄県","","730","","39","","41","","40","","39","","34","","36","","43","","47","","50","","52","","45","","44","","46","","48","","33","","30","","28","","37",""
